id,account_number,customer_name,risk_score,is_fraud
1,MULE-000001,Customer MULE-0001,0.64,True
2,MULE-000002,Customer MULE-0002,0.12,True
3,MULE-000003,Customer MULE-0003,0.33,True
4,MULE-000004,Customer MULE-0004,0.29,True
5,MULE-000005,Customer MULE-0005,0.73,True
6,MULE-000006,Customer MULE-0006,0.68,True
7,MULE-000007,Customer MULE-0007,0.86,True
8,MULE-000008,Customer MULE-0008,0.17,True
9,MULE-000009,Customer MULE-0009,0.46,True
10,MULE-000010,Customer MULE-0010,0.13,True
11,MULE-000011,Customer MULE-0011,0.29,True
12,MULE-000012,Customer MULE-0012,0.53,True
13,MULE-000013,Customer MULE-0013,0.12,True
14,MULE-000014,Customer MULE-0014,0.27,True
15,MULE-000015,Customer MULE-0015,0.65,True
16,MULE-000016,Customer MULE-0016,0.56,True
17,MULE-000017,Customer MULE-0017,0.29,True
18,MULE-000018,Customer MULE-0018,0.6,True
19,MULE-000019,Customer MULE-0019,0.79,True
20,MULE-000020,Customer MULE-0020,0.11,True
21,MULE-000021,Customer MULE-0021,0.78,True
22,MULE-000022,Customer MULE-0022,0.69,True
23,MULE-000023,Customer MULE-0023,0.39,True
24,MULE-000024,Customer MULE-0024,0.23,True
25,MULE-000025,Customer MULE-0025,0.91,True
26,MULE-000026,Customer MULE-0026,0.39,True
27,MULE-000027,Customer MULE-0027,0.18,True
28,MULE-000028,Customer MULE-0028,0.18,True
29,MULE-000029,Customer MULE-0029,0.82,True
30,MULE-000030,Customer MULE-0030,0.61,True
31,MULE-000031,Customer MULE-0031,0.79,True
32,MULE-000032,Customer MULE-0032,0.72,True
33,MULE-000033,Customer MULE-0033,0.56,True
34,MULE-000034,Customer MULE-0034,0.93,True
35,MULE-000035,Customer MULE-0035,0.42,True
36,MULE-000036,Customer MULE-0036,0.57,True
37,MULE-000037,Customer MULE-0037,0.8,True
38,MULE-000038,Customer MULE-0038,0.63,True
39,MULE-000039,Customer MULE-0039,0.83,True
40,MULE-000040,Customer MULE-0040,0.59,True
41,MULE-000041,Customer MULE-0041,0.7,True
42,MULE-000042,Customer MULE-0042,0.14,True
43,MULE-000043,Customer MULE-0043,0.29,True
44,MULE-000044,Customer MULE-0044,0.35,True
45,MULE-000045,Customer MULE-0045,0.17,True
46,MULE-000046,Customer MULE-0046,0.3,True
47,MULE-000047,Customer MULE-0047,0.19,True
48,MULE-000048,Customer MULE-0048,0.34,True
49,MULE-000049,Customer MULE-0049,0.64,True
50,MULE-000050,Customer MULE-0050,0.41,True
51,MULE-000051,Customer MULE-0051,0.41,True
52,MULE-000052,Customer MULE-0052,0.28,True
53,MULE-000053,Customer MULE-0053,0.33,True
54,MULE-000054,Customer MULE-0054,0.9,True
55,MULE-000055,Customer MULE-0055,0.65,True
56,MULE-000056,Customer MULE-0056,0.62,True
57,MULE-000057,Customer MULE-0057,0.25,True
58,MULE-000058,Customer MULE-0058,0.72,True
59,MULE-000059,Customer MULE-0059,0.24,True
60,MULE-000060,Customer MULE-0060,0.42,True
61,MULE-000061,Customer MULE-0061,0.94,True
62,MULE-000062,Customer MULE-0062,0.64,True
63,MULE-000063,Customer MULE-0063,0.57,True
64,MULE-000064,Customer MULE-0064,0.68,True
65,MULE-000065,Customer MULE-0065,0.82,True
66,MULE-000066,Customer MULE-0066,0.76,True
67,MULE-000067,Customer MULE-0067,0.29,True
68,MULE-000068,Customer MULE-0068,0.13,True
69,MULE-000069,Customer MULE-0069,0.37,True
70,MULE-000070,Customer MULE-0070,0.33,True
71,MULE-000071,Customer MULE-0071,0.28,True
72,MULE-000072,Customer MULE-0072,0.9,True
73,MULE-000073,Customer MULE-0073,0.84,True
74,MULE-000074,Customer MULE-0074,0.37,True
75,MULE-000075,Customer MULE-0075,0.66,True
76,MULE-000076,Customer MULE-0076,0.44,True
77,MULE-000077,Customer MULE-0077,0.88,True
78,MULE-000078,Customer MULE-0078,0.49,True
79,MULE-000079,Customer MULE-0079,0.33,True
80,MULE-000080,Customer MULE-0080,0.31,True
201,IDFRAUD-000201,Customer IDFRAUD-0201,0.58,True
202,IDFRAUD-000202,Customer IDFRAUD-0202,0.32,True
203,IDFRAUD-000203,Customer IDFRAUD-0203,0.6,True
204,IDFRAUD-000204,Customer IDFRAUD-0204,0.86,True
205,IDFRAUD-000205,Customer IDFRAUD-0205,0.44,True
206,IDFRAUD-000206,Customer IDFRAUD-0206,0.29,True
207,IDFRAUD-000207,Customer IDFRAUD-0207,0.95,True
208,IDFRAUD-000208,Customer IDFRAUD-0208,0.53,True
209,IDFRAUD-000209,Customer IDFRAUD-0209,0.18,True
210,IDFRAUD-000210,Customer IDFRAUD-0210,0.14,True
211,IDFRAUD-000211,Customer IDFRAUD-0211,0.19,True
212,IDFRAUD-000212,Customer IDFRAUD-0212,0.63,True
213,IDFRAUD-000213,Customer IDFRAUD-0213,0.77,True
214,IDFRAUD-000214,Customer IDFRAUD-0214,0.46,True
215,IDFRAUD-000215,Customer IDFRAUD-0215,0.15,True
216,IDFRAUD-000216,Customer IDFRAUD-0216,0.42,True
217,IDFRAUD-000217,Customer IDFRAUD-0217,0.95,True
218,IDFRAUD-000218,Customer IDFRAUD-0218,0.55,True
219,IDFRAUD-000219,Customer IDFRAUD-0219,0.93,True
220,IDFRAUD-000220,Customer IDFRAUD-0220,0.83,True
221,IDFRAUD-000221,Customer IDFRAUD-0221,0.11,True
222,IDFRAUD-000222,Customer IDFRAUD-0222,0.71,True
223,IDFRAUD-000223,Customer IDFRAUD-0223,0.68,True
224,IDFRAUD-000224,Customer IDFRAUD-0224,0.56,True
225,IDFRAUD-000225,Customer IDFRAUD-0225,0.33,True
226,IDFRAUD-000226,Customer IDFRAUD-0226,0.64,True
227,IDFRAUD-000227,Customer IDFRAUD-0227,0.19,True
228,IDFRAUD-000228,Customer IDFRAUD-0228,0.47,True
229,IDFRAUD-000229,Customer IDFRAUD-0229,0.49,True
230,IDFRAUD-000230,Customer IDFRAUD-0230,0.91,True
231,IDFRAUD-000231,Customer IDFRAUD-0231,0.84,True
232,IDFRAUD-000232,Customer IDFRAUD-0232,0.32,True
233,IDFRAUD-000233,Customer IDFRAUD-0233,0.53,True
234,IDFRAUD-000234,Customer IDFRAUD-0234,0.25,True
235,IDFRAUD-000235,Customer IDFRAUD-0235,0.88,True
236,IDFRAUD-000236,Customer IDFRAUD-0236,0.84,True
237,IDFRAUD-000237,Customer IDFRAUD-0237,0.35,True
238,IDFRAUD-000238,Customer IDFRAUD-0238,0.64,True
239,IDFRAUD-000239,Customer IDFRAUD-0239,0.62,True
240,IDFRAUD-000240,Customer IDFRAUD-0240,0.23,True
501,GOOD-000501,Customer GOOD-0501,0.75,False
502,GOOD-000502,Customer GOOD-0502,0.56,False
503,GOOD-000503,Customer GOOD-0503,0.76,False
504,GOOD-000504,Customer GOOD-0504,0.55,False
505,GOOD-000505,Customer GOOD-0505,0.1,False
506,GOOD-000506,Customer GOOD-0506,0.38,False
507,GOOD-000507,Customer GOOD-0507,0.12,False
508,GOOD-000508,Customer GOOD-0508,0.89,False
509,GOOD-000509,Customer GOOD-0509,0.85,False
510,GOOD-000510,Customer GOOD-0510,0.81,False
511,GOOD-000511,Customer GOOD-0511,0.36,False
512,GOOD-000512,Customer GOOD-0512,0.15,False
513,GOOD-000513,Customer GOOD-0513,0.85,False
514,GOOD-000514,Customer GOOD-0514,0.9,False
515,GOOD-000515,Customer GOOD-0515,0.17,False
516,GOOD-000516,Customer GOOD-0516,0.51,False
517,GOOD-000517,Customer GOOD-0517,0.16,False
518,GOOD-000518,Customer GOOD-0518,0.75,False
519,GOOD-000519,Customer GOOD-0519,0.75,False
520,GOOD-000520,Customer GOOD-0520,0.21,False
521,GOOD-000521,Customer GOOD-0521,0.5,False
522,GOOD-000522,Customer GOOD-0522,0.57,False
523,GOOD-000523,Customer GOOD-0523,0.33,False
524,GOOD-000524,Customer GOOD-0524,0.84,False
525,GOOD-000525,Customer GOOD-0525,0.46,False
526,GOOD-000526,Customer GOOD-0526,0.28,False
527,GOOD-000527,Customer GOOD-0527,0.56,False
528,GOOD-000528,Customer GOOD-0528,0.72,False
529,GOOD-000529,Customer GOOD-0529,0.27,False
530,GOOD-000530,Customer GOOD-0530,0.36,False
531,GOOD-000531,Customer GOOD-0531,0.95,False
532,GOOD-000532,Customer GOOD-0532,0.65,False
533,GOOD-000533,Customer GOOD-0533,0.47,False
534,GOOD-000534,Customer GOOD-0534,0.54,False
535,GOOD-000535,Customer GOOD-0535,0.2,False
536,GOOD-000536,Customer GOOD-0536,0.29,False
537,GOOD-000537,Customer GOOD-0537,0.39,False
538,GOOD-000538,Customer GOOD-0538,0.6,False
539,GOOD-000539,Customer GOOD-0539,0.3,False
540,GOOD-000540,Customer GOOD-0540,0.29,False
541,GOOD-000541,Customer GOOD-0541,0.16,False
542,GOOD-000542,Customer GOOD-0542,0.64,False
543,GOOD-000543,Customer GOOD-0543,0.29,False
544,GOOD-000544,Customer GOOD-0544,0.87,False
545,GOOD-000545,Customer GOOD-0545,0.83,False
546,GOOD-000546,Customer GOOD-0546,0.16,False
547,GOOD-000547,Customer GOOD-0547,0.3,False
548,GOOD-000548,Customer GOOD-0548,0.67,False
549,GOOD-000549,Customer GOOD-0549,0.28,False
550,GOOD-000550,Customer GOOD-0550,0.21,False
551,GOOD-000551,Customer GOOD-0551,0.9,False
552,GOOD-000552,Customer GOOD-0552,0.59,False
553,GOOD-000553,Customer GOOD-0553,0.5,False
554,GOOD-000554,Customer GOOD-0554,0.77,False
555,GOOD-000555,Customer GOOD-0555,0.79,False
556,GOOD-000556,Customer GOOD-0556,0.26,False
557,GOOD-000557,Customer GOOD-0557,0.18,False
558,GOOD-000558,Customer GOOD-0558,0.47,False
559,GOOD-000559,Customer GOOD-0559,0.46,False
560,GOOD-000560,Customer GOOD-0560,0.5,False
561,GOOD-000561,Customer GOOD-0561,0.72,False
562,GOOD-000562,Customer GOOD-0562,0.67,False
563,GOOD-000563,Customer GOOD-0563,0.94,False
564,GOOD-000564,Customer GOOD-0564,0.18,False
565,GOOD-000565,Customer GOOD-0565,0.44,False
566,GOOD-000566,Customer GOOD-0566,0.39,False
567,GOOD-000567,Customer GOOD-0567,0.83,False
568,GOOD-000568,Customer GOOD-0568,0.31,False
569,GOOD-000569,Customer GOOD-0569,0.26,False
570,GOOD-000570,Customer GOOD-0570,0.48,False
571,GOOD-000571,Customer GOOD-0571,0.46,False
572,GOOD-000572,Customer GOOD-0572,0.34,False
573,GOOD-000573,Customer GOOD-0573,0.31,False
574,GOOD-000574,Customer GOOD-0574,0.88,False
575,GOOD-000575,Customer GOOD-0575,0.48,False
576,GOOD-000576,Customer GOOD-0576,0.83,False
577,GOOD-000577,Customer GOOD-0577,0.57,False
578,GOOD-000578,Customer GOOD-0578,0.14,False
579,GOOD-000579,Customer GOOD-0579,0.95,False
580,GOOD-000580,Customer GOOD-0580,0.81,False
581,GOOD-000581,Customer GOOD-0581,0.92,False
582,GOOD-000582,Customer GOOD-0582,0.89,False
583,GOOD-000583,Customer GOOD-0583,0.82,False
584,GOOD-000584,Customer GOOD-0584,0.24,False
585,GOOD-000585,Customer GOOD-0585,0.51,False
586,GOOD-000586,Customer GOOD-0586,0.28,False
587,GOOD-000587,Customer GOOD-0587,0.44,False
588,GOOD-000588,Customer GOOD-0588,0.15,False
589,GOOD-000589,Customer GOOD-0589,0.42,False
590,GOOD-000590,Customer GOOD-0590,0.94,False
591,GOOD-000591,Customer GOOD-0591,0.33,False
592,GOOD-000592,Customer GOOD-0592,0.77,False
593,GOOD-000593,Customer GOOD-0593,0.49,False
594,GOOD-000594,Customer GOOD-0594,0.46,False
595,GOOD-000595,Customer GOOD-0595,0.91,False
596,GOOD-000596,Customer GOOD-0596,0.95,False
597,GOOD-000597,Customer GOOD-0597,0.57,False
598,GOOD-000598,Customer GOOD-0598,0.71,False
599,GOOD-000599,Customer GOOD-0599,0.23,False
600,GOOD-000600,Customer GOOD-0600,0.35,False
601,GOOD-000601,Customer GOOD-0601,0.92,False
602,GOOD-000602,Customer GOOD-0602,0.59,False
603,GOOD-000603,Customer GOOD-0603,0.56,False
604,GOOD-000604,Customer GOOD-0604,0.74,False
605,GOOD-000605,Customer GOOD-0605,0.15,False
606,GOOD-000606,Customer GOOD-0606,0.6,False
607,GOOD-000607,Customer GOOD-0607,0.53,False
608,GOOD-000608,Customer GOOD-0608,0.82,False
609,GOOD-000609,Customer GOOD-0609,0.23,False
610,GOOD-000610,Customer GOOD-0610,0.92,False
611,GOOD-000611,Customer GOOD-0611,0.17,False
612,GOOD-000612,Customer GOOD-0612,0.26,False
613,GOOD-000613,Customer GOOD-0613,0.61,False
614,GOOD-000614,Customer GOOD-0614,0.67,False
615,GOOD-000615,Customer GOOD-0615,0.3,False
616,GOOD-000616,Customer GOOD-0616,0.2,False
617,GOOD-000617,Customer GOOD-0617,0.86,False
618,GOOD-000618,Customer GOOD-0618,0.31,False
619,GOOD-000619,Customer GOOD-0619,0.61,False
620,GOOD-000620,Customer GOOD-0620,0.63,False
621,GOOD-000621,Customer GOOD-0621,0.46,False
622,GOOD-000622,Customer GOOD-0622,0.6,False
623,GOOD-000623,Customer GOOD-0623,0.54,False
624,GOOD-000624,Customer GOOD-0624,0.89,False
625,GOOD-000625,Customer GOOD-0625,0.27,False
626,GOOD-000626,Customer GOOD-0626,0.71,False
627,GOOD-000627,Customer GOOD-0627,0.3,False
628,GOOD-000628,Customer GOOD-0628,0.44,False
629,GOOD-000629,Customer GOOD-0629,0.67,False
630,GOOD-000630,Customer GOOD-0630,0.35,False
631,GOOD-000631,Customer GOOD-0631,0.37,False
632,GOOD-000632,Customer GOOD-0632,0.74,False
633,GOOD-000633,Customer GOOD-0633,0.16,False
634,GOOD-000634,Customer GOOD-0634,0.49,False
635,GOOD-000635,Customer GOOD-0635,0.95,False
636,GOOD-000636,Customer GOOD-0636,0.95,False
637,GOOD-000637,Customer GOOD-0637,0.16,False
638,GOOD-000638,Customer GOOD-0638,0.28,False
639,GOOD-000639,Customer GOOD-0639,0.33,False
640,GOOD-000640,Customer GOOD-0640,0.89,False
641,GOOD-000641,Customer GOOD-0641,0.85,False
642,GOOD-000642,Customer GOOD-0642,0.85,False
643,GOOD-000643,Customer GOOD-0643,0.41,False
644,GOOD-000644,Customer GOOD-0644,0.23,False
645,GOOD-000645,Customer GOOD-0645,0.81,False
646,GOOD-000646,Customer GOOD-0646,0.7,False
647,GOOD-000647,Customer GOOD-0647,0.62,False
648,GOOD-000648,Customer GOOD-0648,0.94,False
649,GOOD-000649,Customer GOOD-0649,0.66,False
650,GOOD-000650,Customer GOOD-0650,0.11,False
651,GOOD-000651,Customer GOOD-0651,0.79,False
652,GOOD-000652,Customer GOOD-0652,0.35,False
653,GOOD-000653,Customer GOOD-0653,0.66,False
654,GOOD-000654,Customer GOOD-0654,0.9,False
655,GOOD-000655,Customer GOOD-0655,0.21,False
656,GOOD-000656,Customer GOOD-0656,0.2,False
657,GOOD-000657,Customer GOOD-0657,0.19,False
658,GOOD-000658,Customer GOOD-0658,0.57,False
659,GOOD-000659,Customer GOOD-0659,0.33,False
660,GOOD-000660,Customer GOOD-0660,0.61,False
661,GOOD-000661,Customer GOOD-0661,0.71,False
662,GOOD-000662,Customer GOOD-0662,0.27,False
663,GOOD-000663,Customer GOOD-0663,0.64,False
664,GOOD-000664,Customer GOOD-0664,0.32,False
665,GOOD-000665,Customer GOOD-0665,0.52,False
666,GOOD-000666,Customer GOOD-0666,0.87,False
667,GOOD-000667,Customer GOOD-0667,0.82,False
668,GOOD-000668,Customer GOOD-0668,0.18,False
669,GOOD-000669,Customer GOOD-0669,0.46,False
670,GOOD-000670,Customer GOOD-0670,0.34,False
671,GOOD-000671,Customer GOOD-0671,0.1,False
672,GOOD-000672,Customer GOOD-0672,0.76,False
673,GOOD-000673,Customer GOOD-0673,0.64,False
674,GOOD-000674,Customer GOOD-0674,0.32,False
675,GOOD-000675,Customer GOOD-0675,0.73,False
676,GOOD-000676,Customer GOOD-0676,0.57,False
677,GOOD-000677,Customer GOOD-0677,0.46,False
678,GOOD-000678,Customer GOOD-0678,0.11,False
679,GOOD-000679,Customer GOOD-0679,0.16,False
680,GOOD-000680,Customer GOOD-0680,0.85,False
681,GOOD-000681,Customer GOOD-0681,0.87,False
682,GOOD-000682,Customer GOOD-0682,0.56,False
683,GOOD-000683,Customer GOOD-0683,0.81,False
684,GOOD-000684,Customer GOOD-0684,0.6,False
685,GOOD-000685,Customer GOOD-0685,0.23,False
686,GOOD-000686,Customer GOOD-0686,0.21,False
687,GOOD-000687,Customer GOOD-0687,0.36,False
688,GOOD-000688,Customer GOOD-0688,0.86,False
689,GOOD-000689,Customer GOOD-0689,0.78,False
690,GOOD-000690,Customer GOOD-0690,0.83,False
691,GOOD-000691,Customer GOOD-0691,0.86,False
692,GOOD-000692,Customer GOOD-0692,0.28,False
693,GOOD-000693,Customer GOOD-0693,0.31,False
694,GOOD-000694,Customer GOOD-0694,0.19,False
695,GOOD-000695,Customer GOOD-0695,0.76,False
696,GOOD-000696,Customer GOOD-0696,0.85,False
697,GOOD-000697,Customer GOOD-0697,0.45,False
698,GOOD-000698,Customer GOOD-0698,0.63,False
699,GOOD-000699,Customer GOOD-0699,0.23,False
700,GOOD-000700,Customer GOOD-0700,0.89,False
701,GOOD-000701,Customer GOOD-0701,0.83,False
702,GOOD-000702,Customer GOOD-0702,0.93,False
703,GOOD-000703,Customer GOOD-0703,0.79,False
704,GOOD-000704,Customer GOOD-0704,0.85,False
705,GOOD-000705,Customer GOOD-0705,0.12,False
706,GOOD-000706,Customer GOOD-0706,0.73,False
707,GOOD-000707,Customer GOOD-0707,0.38,False
708,GOOD-000708,Customer GOOD-0708,0.89,False
709,GOOD-000709,Customer GOOD-0709,0.78,False
710,GOOD-000710,Customer GOOD-0710,0.83,False
711,GOOD-000711,Customer GOOD-0711,0.79,False
712,GOOD-000712,Customer GOOD-0712,0.33,False
713,GOOD-000713,Customer GOOD-0713,0.77,False
714,GOOD-000714,Customer GOOD-0714,0.19,False
715,GOOD-000715,Customer GOOD-0715,0.84,False
716,GOOD-000716,Customer GOOD-0716,0.83,False
717,GOOD-000717,Customer GOOD-0717,0.29,False
718,GOOD-000718,Customer GOOD-0718,0.79,False
719,GOOD-000719,Customer GOOD-0719,0.49,False
720,GOOD-000720,Customer GOOD-0720,0.36,False
721,GOOD-000721,Customer GOOD-0721,0.78,False
722,GOOD-000722,Customer GOOD-0722,0.29,False
723,GOOD-000723,Customer GOOD-0723,0.12,False
724,GOOD-000724,Customer GOOD-0724,0.26,False
725,GOOD-000725,Customer GOOD-0725,0.38,False
726,GOOD-000726,Customer GOOD-0726,0.83,False
727,GOOD-000727,Customer GOOD-0727,0.92,False
728,GOOD-000728,Customer GOOD-0728,0.34,False
729,GOOD-000729,Customer GOOD-0729,0.65,False
730,GOOD-000730,Customer GOOD-0730,0.44,False
731,GOOD-000731,Customer GOOD-0731,0.93,False
732,GOOD-000732,Customer GOOD-0732,0.56,False
733,GOOD-000733,Customer GOOD-0733,0.9,False
734,GOOD-000734,Customer GOOD-0734,0.2,False
735,GOOD-000735,Customer GOOD-0735,0.92,False
736,GOOD-000736,Customer GOOD-0736,0.25,False
737,GOOD-000737,Customer GOOD-0737,0.92,False
738,GOOD-000738,Customer GOOD-0738,0.33,False
739,GOOD-000739,Customer GOOD-0739,0.19,False
740,GOOD-000740,Customer GOOD-0740,0.47,False
741,GOOD-000741,Customer GOOD-0741,0.72,False
742,GOOD-000742,Customer GOOD-0742,0.37,False
743,GOOD-000743,Customer GOOD-0743,0.62,False
744,GOOD-000744,Customer GOOD-0744,0.53,False
745,GOOD-000745,Customer GOOD-0745,0.43,False
746,GOOD-000746,Customer GOOD-0746,0.59,False
747,GOOD-000747,Customer GOOD-0747,0.32,False
748,GOOD-000748,Customer GOOD-0748,0.7,False
749,GOOD-000749,Customer GOOD-0749,0.1,False
750,GOOD-000750,Customer GOOD-0750,0.89,False
751,GOOD-000751,Customer GOOD-0751,0.56,False
752,GOOD-000752,Customer GOOD-0752,0.71,False
753,GOOD-000753,Customer GOOD-0753,0.73,False
754,GOOD-000754,Customer GOOD-0754,0.67,False
755,GOOD-000755,Customer GOOD-0755,0.41,False
756,GOOD-000756,Customer GOOD-0756,0.16,False
757,GOOD-000757,Customer GOOD-0757,0.66,False
758,GOOD-000758,Customer GOOD-0758,0.38,False
759,GOOD-000759,Customer GOOD-0759,0.37,False
760,GOOD-000760,Customer GOOD-0760,0.82,False
761,GOOD-000761,Customer GOOD-0761,0.71,False
762,GOOD-000762,Customer GOOD-0762,0.36,False
763,GOOD-000763,Customer GOOD-0763,0.36,False
764,GOOD-000764,Customer GOOD-0764,0.45,False
765,GOOD-000765,Customer GOOD-0765,0.44,False
766,GOOD-000766,Customer GOOD-0766,0.35,False
767,GOOD-000767,Customer GOOD-0767,0.21,False
768,GOOD-000768,Customer GOOD-0768,0.46,False
769,GOOD-000769,Customer GOOD-0769,0.9,False
770,GOOD-000770,Customer GOOD-0770,0.68,False
771,GOOD-000771,Customer GOOD-0771,0.87,False
772,GOOD-000772,Customer GOOD-0772,0.62,False
773,GOOD-000773,Customer GOOD-0773,0.36,False
774,GOOD-000774,Customer GOOD-0774,0.57,False
775,GOOD-000775,Customer GOOD-0775,0.1,False
776,GOOD-000776,Customer GOOD-0776,0.34,False
777,GOOD-000777,Customer GOOD-0777,0.47,False
778,GOOD-000778,Customer GOOD-0778,0.59,False
779,GOOD-000779,Customer GOOD-0779,0.66,False
780,GOOD-000780,Customer GOOD-0780,0.5,False
781,GOOD-000781,Customer GOOD-0781,0.48,False
782,GOOD-000782,Customer GOOD-0782,0.28,False
783,GOOD-000783,Customer GOOD-0783,0.5,False
784,GOOD-000784,Customer GOOD-0784,0.87,False
785,GOOD-000785,Customer GOOD-0785,0.78,False
786,GOOD-000786,Customer GOOD-0786,0.24,False
787,GOOD-000787,Customer GOOD-0787,0.17,False
788,GOOD-000788,Customer GOOD-0788,0.54,False
789,GOOD-000789,Customer GOOD-0789,0.64,False
790,GOOD-000790,Customer GOOD-0790,0.38,False
791,GOOD-000791,Customer GOOD-0791,0.8,False
792,GOOD-000792,Customer GOOD-0792,0.74,False
793,GOOD-000793,Customer GOOD-0793,0.67,False
794,GOOD-000794,Customer GOOD-0794,0.29,False
795,GOOD-000795,Customer GOOD-0795,0.27,False
796,GOOD-000796,Customer GOOD-0796,0.12,False
797,GOOD-000797,Customer GOOD-0797,0.31,False
798,GOOD-000798,Customer GOOD-0798,0.5,False
799,GOOD-000799,Customer GOOD-0799,0.82,False
800,GOOD-000800,Customer GOOD-0800,0.16,False
801,GOOD-000801,Customer GOOD-0801,0.45,False
802,GOOD-000802,Customer GOOD-0802,0.64,False
803,GOOD-000803,Customer GOOD-0803,0.27,False
804,GOOD-000804,Customer GOOD-0804,0.69,False
805,GOOD-000805,Customer GOOD-0805,0.52,False
806,GOOD-000806,Customer GOOD-0806,0.31,False
807,GOOD-000807,Customer GOOD-0807,0.66,False
808,GOOD-000808,Customer GOOD-0808,0.1,False
809,GOOD-000809,Customer GOOD-0809,0.74,False
810,GOOD-000810,Customer GOOD-0810,0.75,False
811,GOOD-000811,Customer GOOD-0811,0.19,False
812,GOOD-000812,Customer GOOD-0812,0.46,False
813,GOOD-000813,Customer GOOD-0813,0.25,False
814,GOOD-000814,Customer GOOD-0814,0.91,False
815,GOOD-000815,Customer GOOD-0815,0.54,False
816,GOOD-000816,Customer GOOD-0816,0.14,False
817,GOOD-000817,Customer GOOD-0817,0.31,False
818,GOOD-000818,Customer GOOD-0818,0.82,False
819,GOOD-000819,Customer GOOD-0819,0.49,False
820,GOOD-000820,Customer GOOD-0820,0.78,False
821,GOOD-000821,Customer GOOD-0821,0.67,False
822,GOOD-000822,Customer GOOD-0822,0.94,False
823,GOOD-000823,Customer GOOD-0823,0.61,False
824,GOOD-000824,Customer GOOD-0824,0.91,False
825,GOOD-000825,Customer GOOD-0825,0.86,False
826,GOOD-000826,Customer GOOD-0826,0.62,False
827,GOOD-000827,Customer GOOD-0827,0.71,False
828,GOOD-000828,Customer GOOD-0828,0.53,False
829,GOOD-000829,Customer GOOD-0829,0.81,False
830,GOOD-000830,Customer GOOD-0830,0.57,False
831,GOOD-000831,Customer GOOD-0831,0.86,False
832,GOOD-000832,Customer GOOD-0832,0.73,False
833,GOOD-000833,Customer GOOD-0833,0.5,False
834,GOOD-000834,Customer GOOD-0834,0.32,False
835,GOOD-000835,Customer GOOD-0835,0.31,False
836,GOOD-000836,Customer GOOD-0836,0.64,False
837,GOOD-000837,Customer GOOD-0837,0.75,False
838,GOOD-000838,Customer GOOD-0838,0.54,False
839,GOOD-000839,Customer GOOD-0839,0.63,False
840,GOOD-000840,Customer GOOD-0840,0.33,False
841,GOOD-000841,Customer GOOD-0841,0.17,False
842,GOOD-000842,Customer GOOD-0842,0.34,False
843,GOOD-000843,Customer GOOD-0843,0.33,False
844,GOOD-000844,Customer GOOD-0844,0.37,False
845,GOOD-000845,Customer GOOD-0845,0.56,False
846,GOOD-000846,Customer GOOD-0846,0.22,False
847,GOOD-000847,Customer GOOD-0847,0.3,False
848,GOOD-000848,Customer GOOD-0848,0.69,False
849,GOOD-000849,Customer GOOD-0849,0.7,False
850,GOOD-000850,Customer GOOD-0850,0.15,False
851,GOOD-000851,Customer GOOD-0851,0.45,False
852,GOOD-000852,Customer GOOD-0852,0.56,False
853,GOOD-000853,Customer GOOD-0853,0.45,False
854,GOOD-000854,Customer GOOD-0854,0.28,False
855,GOOD-000855,Customer GOOD-0855,0.46,False
856,GOOD-000856,Customer GOOD-0856,0.87,False
857,GOOD-000857,Customer GOOD-0857,0.6,False
858,GOOD-000858,Customer GOOD-0858,0.69,False
859,GOOD-000859,Customer GOOD-0859,0.83,False
860,GOOD-000860,Customer GOOD-0860,0.75,False
861,GOOD-000861,Customer GOOD-0861,0.42,False
862,GOOD-000862,Customer GOOD-0862,0.11,False
863,GOOD-000863,Customer GOOD-0863,0.4,False
864,GOOD-000864,Customer GOOD-0864,0.74,False
865,GOOD-000865,Customer GOOD-0865,0.83,False
866,GOOD-000866,Customer GOOD-0866,0.91,False
867,GOOD-000867,Customer GOOD-0867,0.46,False
868,GOOD-000868,Customer GOOD-0868,0.74,False
869,GOOD-000869,Customer GOOD-0869,0.56,False
870,GOOD-000870,Customer GOOD-0870,0.61,False
871,GOOD-000871,Customer GOOD-0871,0.29,False
872,GOOD-000872,Customer GOOD-0872,0.29,False
873,GOOD-000873,Customer GOOD-0873,0.47,False
874,GOOD-000874,Customer GOOD-0874,0.12,False
875,GOOD-000875,Customer GOOD-0875,0.39,False
876,GOOD-000876,Customer GOOD-0876,0.68,False
877,GOOD-000877,Customer GOOD-0877,0.44,False
878,GOOD-000878,Customer GOOD-0878,0.24,False
879,GOOD-000879,Customer GOOD-0879,0.5,False
880,GOOD-000880,Customer GOOD-0880,0.21,False
881,GOOD-000881,Customer GOOD-0881,0.63,False
882,GOOD-000882,Customer GOOD-0882,0.12,False
883,GOOD-000883,Customer GOOD-0883,0.43,False
884,GOOD-000884,Customer GOOD-0884,0.58,False
885,GOOD-000885,Customer GOOD-0885,0.12,False
886,GOOD-000886,Customer GOOD-0886,0.65,False
887,GOOD-000887,Customer GOOD-0887,0.22,False
888,GOOD-000888,Customer GOOD-0888,0.49,False
889,GOOD-000889,Customer GOOD-0889,0.14,False
890,GOOD-000890,Customer GOOD-0890,0.42,False
891,GOOD-000891,Customer GOOD-0891,0.28,False
892,GOOD-000892,Customer GOOD-0892,0.38,False
893,GOOD-000893,Customer GOOD-0893,0.75,False
894,GOOD-000894,Customer GOOD-0894,0.42,False
895,GOOD-000895,Customer GOOD-0895,0.74,False
896,GOOD-000896,Customer GOOD-0896,0.81,False
897,GOOD-000897,Customer GOOD-0897,0.31,False
898,GOOD-000898,Customer GOOD-0898,0.17,False
899,GOOD-000899,Customer GOOD-0899,0.12,False
900,GOOD-000900,Customer GOOD-0900,0.56,False
901,GOOD-000901,Customer GOOD-0901,0.95,False
902,GOOD-000902,Customer GOOD-0902,0.4,False
903,GOOD-000903,Customer GOOD-0903,0.65,False
904,GOOD-000904,Customer GOOD-0904,0.76,False
905,GOOD-000905,Customer GOOD-0905,0.65,False
906,GOOD-000906,Customer GOOD-0906,0.74,False
907,GOOD-000907,Customer GOOD-0907,0.91,False
908,GOOD-000908,Customer GOOD-0908,0.27,False
909,GOOD-000909,Customer GOOD-0909,0.12,False
910,GOOD-000910,Customer GOOD-0910,0.23,False
911,GOOD-000911,Customer GOOD-0911,0.21,False
912,GOOD-000912,Customer GOOD-0912,0.67,False
913,GOOD-000913,Customer GOOD-0913,0.58,False
914,GOOD-000914,Customer GOOD-0914,0.29,False
915,GOOD-000915,Customer GOOD-0915,0.69,False
916,GOOD-000916,Customer GOOD-0916,0.75,False
917,GOOD-000917,Customer GOOD-0917,0.24,False
918,GOOD-000918,Customer GOOD-0918,0.62,False
919,GOOD-000919,Customer GOOD-0919,0.74,False
920,GOOD-000920,Customer GOOD-0920,0.2,False
921,GOOD-000921,Customer GOOD-0921,0.8,False
922,GOOD-000922,Customer GOOD-0922,0.92,False
923,GOOD-000923,Customer GOOD-0923,0.19,False
924,GOOD-000924,Customer GOOD-0924,0.12,False
925,GOOD-000925,Customer GOOD-0925,0.37,False
926,GOOD-000926,Customer GOOD-0926,0.68,False
927,GOOD-000927,Customer GOOD-0927,0.91,False
928,GOOD-000928,Customer GOOD-0928,0.44,False
929,GOOD-000929,Customer GOOD-0929,0.71,False
930,GOOD-000930,Customer GOOD-0930,0.16,False
931,GOOD-000931,Customer GOOD-0931,0.69,False
932,GOOD-000932,Customer GOOD-0932,0.63,False
933,GOOD-000933,Customer GOOD-0933,0.19,False
934,GOOD-000934,Customer GOOD-0934,0.76,False
935,GOOD-000935,Customer GOOD-0935,0.82,False
936,GOOD-000936,Customer GOOD-0936,0.61,False
937,GOOD-000937,Customer GOOD-0937,0.2,False
938,GOOD-000938,Customer GOOD-0938,0.94,False
939,GOOD-000939,Customer GOOD-0939,0.77,False
940,GOOD-000940,Customer GOOD-0940,0.4,False
941,GOOD-000941,Customer GOOD-0941,0.46,False
942,GOOD-000942,Customer GOOD-0942,0.41,False
943,GOOD-000943,Customer GOOD-0943,0.53,False
944,GOOD-000944,Customer GOOD-0944,0.39,False
945,GOOD-000945,Customer GOOD-0945,0.82,False
946,GOOD-000946,Customer GOOD-0946,0.8,False
947,GOOD-000947,Customer GOOD-0947,0.19,False
948,GOOD-000948,Customer GOOD-0948,0.92,False
949,GOOD-000949,Customer GOOD-0949,0.64,False
950,GOOD-000950,Customer GOOD-0950,0.8,False
951,GOOD-000951,Customer GOOD-0951,0.7,False
952,GOOD-000952,Customer GOOD-0952,0.47,False
953,GOOD-000953,Customer GOOD-0953,0.72,False
954,GOOD-000954,Customer GOOD-0954,0.92,False
955,GOOD-000955,Customer GOOD-0955,0.33,False
956,GOOD-000956,Customer GOOD-0956,0.79,False
957,GOOD-000957,Customer GOOD-0957,0.56,False
958,GOOD-000958,Customer GOOD-0958,0.51,False
959,GOOD-000959,Customer GOOD-0959,0.47,False
960,GOOD-000960,Customer GOOD-0960,0.72,False
961,GOOD-000961,Customer GOOD-0961,0.33,False
962,GOOD-000962,Customer GOOD-0962,0.82,False
963,GOOD-000963,Customer GOOD-0963,0.81,False
964,GOOD-000964,Customer GOOD-0964,0.17,False
965,GOOD-000965,Customer GOOD-0965,0.85,False
966,GOOD-000966,Customer GOOD-0966,0.31,False
967,GOOD-000967,Customer GOOD-0967,0.5,False
968,GOOD-000968,Customer GOOD-0968,0.62,False
969,GOOD-000969,Customer GOOD-0969,0.42,False
970,GOOD-000970,Customer GOOD-0970,0.12,False
971,GOOD-000971,Customer GOOD-0971,0.82,False
972,GOOD-000972,Customer GOOD-0972,0.25,False
973,GOOD-000973,Customer GOOD-0973,0.28,False
974,GOOD-000974,Customer GOOD-0974,0.78,False
975,GOOD-000975,Customer GOOD-0975,0.39,False
976,GOOD-000976,Customer GOOD-0976,0.85,False
977,GOOD-000977,Customer GOOD-0977,0.7,False
978,GOOD-000978,Customer GOOD-0978,0.33,False
979,GOOD-000979,Customer GOOD-0979,0.11,False
980,GOOD-000980,Customer GOOD-0980,0.91,False
981,GOOD-000981,Customer GOOD-0981,0.17,False
982,GOOD-000982,Customer GOOD-0982,0.71,False
983,GOOD-000983,Customer GOOD-0983,0.52,False
984,GOOD-000984,Customer GOOD-0984,0.74,False
985,GOOD-000985,Customer GOOD-0985,0.69,False
986,GOOD-000986,Customer GOOD-0986,0.65,False
987,GOOD-000987,Customer GOOD-0987,0.52,False
988,GOOD-000988,Customer GOOD-0988,0.77,False
989,GOOD-000989,Customer GOOD-0989,0.18,False
990,GOOD-000990,Customer GOOD-0990,0.29,False
991,GOOD-000991,Customer GOOD-0991,0.69,False
992,GOOD-000992,Customer GOOD-0992,0.36,False
993,GOOD-000993,Customer GOOD-0993,0.59,False
994,GOOD-000994,Customer GOOD-0994,0.5,False
995,GOOD-000995,Customer GOOD-0995,0.55,False
996,GOOD-000996,Customer GOOD-0996,0.46,False
997,GOOD-000997,Customer GOOD-0997,0.73,False
998,GOOD-000998,Customer GOOD-0998,0.38,False
999,GOOD-000999,Customer GOOD-0999,0.7,False
1000,GOOD-001000,Customer GOOD-1000,0.33,False
1001,GOOD-001001,Customer GOOD-1001,0.31,False
1002,GOOD-001002,Customer GOOD-1002,0.2,False
1003,GOOD-001003,Customer GOOD-1003,0.26,False
1004,GOOD-001004,Customer GOOD-1004,0.2,False
1005,GOOD-001005,Customer GOOD-1005,0.56,False
1006,GOOD-001006,Customer GOOD-1006,0.75,False
1007,GOOD-001007,Customer GOOD-1007,0.26,False
1008,GOOD-001008,Customer GOOD-1008,0.28,False
1009,GOOD-001009,Customer GOOD-1009,0.51,False
1010,GOOD-001010,Customer GOOD-1010,0.72,False
1011,GOOD-001011,Customer GOOD-1011,0.93,False
1012,GOOD-001012,Customer GOOD-1012,0.55,False
1013,GOOD-001013,Customer GOOD-1013,0.34,False
1014,GOOD-001014,Customer GOOD-1014,0.19,False
1015,GOOD-001015,Customer GOOD-1015,0.26,False
1016,GOOD-001016,Customer GOOD-1016,0.29,False
1017,GOOD-001017,Customer GOOD-1017,0.25,False
1018,GOOD-001018,Customer GOOD-1018,0.11,False
1019,GOOD-001019,Customer GOOD-1019,0.55,False
1020,GOOD-001020,Customer GOOD-1020,0.33,False
1021,GOOD-001021,Customer GOOD-1021,0.93,False
1022,GOOD-001022,Customer GOOD-1022,0.57,False
1023,GOOD-001023,Customer GOOD-1023,0.69,False
1024,GOOD-001024,Customer GOOD-1024,0.21,False
1025,GOOD-001025,Customer GOOD-1025,0.84,False
1026,GOOD-001026,Customer GOOD-1026,0.52,False
1027,GOOD-001027,Customer GOOD-1027,0.84,False
1028,GOOD-001028,Customer GOOD-1028,0.59,False
1029,GOOD-001029,Customer GOOD-1029,0.5,False
1030,GOOD-001030,Customer GOOD-1030,0.47,False
1031,GOOD-001031,Customer GOOD-1031,0.26,False
1032,GOOD-001032,Customer GOOD-1032,0.14,False
1033,GOOD-001033,Customer GOOD-1033,0.9,False
1034,GOOD-001034,Customer GOOD-1034,0.51,False
1035,GOOD-001035,Customer GOOD-1035,0.8,False
1036,GOOD-001036,Customer GOOD-1036,0.44,False
1037,GOOD-001037,Customer GOOD-1037,0.16,False
1038,GOOD-001038,Customer GOOD-1038,0.64,False
1039,GOOD-001039,Customer GOOD-1039,0.15,False
1040,GOOD-001040,Customer GOOD-1040,0.23,False
1041,GOOD-001041,Customer GOOD-1041,0.58,False
1042,GOOD-001042,Customer GOOD-1042,0.36,False
1043,GOOD-001043,Customer GOOD-1043,0.94,False
1044,GOOD-001044,Customer GOOD-1044,0.2,False
1045,GOOD-001045,Customer GOOD-1045,0.75,False
1046,GOOD-001046,Customer GOOD-1046,0.62,False
1047,GOOD-001047,Customer GOOD-1047,0.77,False
1048,GOOD-001048,Customer GOOD-1048,0.29,False
1049,GOOD-001049,Customer GOOD-1049,0.54,False
1050,GOOD-001050,Customer GOOD-1050,0.48,False
1051,GOOD-001051,Customer GOOD-1051,0.48,False
1052,GOOD-001052,Customer GOOD-1052,0.83,False
1053,GOOD-001053,Customer GOOD-1053,0.94,False
1054,GOOD-001054,Customer GOOD-1054,0.36,False
1055,GOOD-001055,Customer GOOD-1055,0.63,False
1056,GOOD-001056,Customer GOOD-1056,0.62,False
1057,GOOD-001057,Customer GOOD-1057,0.73,False
1058,GOOD-001058,Customer GOOD-1058,0.91,False
1059,GOOD-001059,Customer GOOD-1059,0.28,False
1060,GOOD-001060,Customer GOOD-1060,0.28,False
1061,GOOD-001061,Customer GOOD-1061,0.66,False
1062,GOOD-001062,Customer GOOD-1062,0.23,False
1063,GOOD-001063,Customer GOOD-1063,0.25,False
1064,GOOD-001064,Customer GOOD-1064,0.16,False
1065,GOOD-001065,Customer GOOD-1065,0.1,False
1066,GOOD-001066,Customer GOOD-1066,0.48,False
1067,GOOD-001067,Customer GOOD-1067,0.6,False
1068,GOOD-001068,Customer GOOD-1068,0.35,False
1069,GOOD-001069,Customer GOOD-1069,0.3,False
1070,GOOD-001070,Customer GOOD-1070,0.7,False
1071,GOOD-001071,Customer GOOD-1071,0.7,False
1072,GOOD-001072,Customer GOOD-1072,0.49,False
1073,GOOD-001073,Customer GOOD-1073,0.68,False
1074,GOOD-001074,Customer GOOD-1074,0.89,False
1075,GOOD-001075,Customer GOOD-1075,0.77,False
1076,GOOD-001076,Customer GOOD-1076,0.63,False
1077,GOOD-001077,Customer GOOD-1077,0.66,False
1078,GOOD-001078,Customer GOOD-1078,0.89,False
1079,GOOD-001079,Customer GOOD-1079,0.46,False
1080,GOOD-001080,Customer GOOD-1080,0.56,False
1081,GOOD-001081,Customer GOOD-1081,0.65,False
1082,GOOD-001082,Customer GOOD-1082,0.87,False
1083,GOOD-001083,Customer GOOD-1083,0.8,False
1084,GOOD-001084,Customer GOOD-1084,0.16,False
1085,GOOD-001085,Customer GOOD-1085,0.24,False
1086,GOOD-001086,Customer GOOD-1086,0.36,False
1087,GOOD-001087,Customer GOOD-1087,0.74,False
1088,GOOD-001088,Customer GOOD-1088,0.58,False
1089,GOOD-001089,Customer GOOD-1089,0.35,False
1090,GOOD-001090,Customer GOOD-1090,0.21,False
1091,GOOD-001091,Customer GOOD-1091,0.69,False
1092,GOOD-001092,Customer GOOD-1092,0.69,False
1093,GOOD-001093,Customer GOOD-1093,0.9,False
1094,GOOD-001094,Customer GOOD-1094,0.53,False
1095,GOOD-001095,Customer GOOD-1095,0.52,False
1096,GOOD-001096,Customer GOOD-1096,0.17,False
1097,GOOD-001097,Customer GOOD-1097,0.13,False
1098,GOOD-001098,Customer GOOD-1098,0.47,False
1099,GOOD-001099,Customer GOOD-1099,0.37,False
1100,GOOD-001100,Customer GOOD-1100,0.31,False
1101,GOOD-001101,Customer GOOD-1101,0.18,False
1102,GOOD-001102,Customer GOOD-1102,0.92,False
1103,GOOD-001103,Customer GOOD-1103,0.81,False
1104,GOOD-001104,Customer GOOD-1104,0.59,False
1105,GOOD-001105,Customer GOOD-1105,0.91,False
1106,GOOD-001106,Customer GOOD-1106,0.95,False
1107,GOOD-001107,Customer GOOD-1107,0.67,False
1108,GOOD-001108,Customer GOOD-1108,0.33,False
1109,GOOD-001109,Customer GOOD-1109,0.13,False
1110,GOOD-001110,Customer GOOD-1110,0.74,False
1111,GOOD-001111,Customer GOOD-1111,0.5,False
1112,GOOD-001112,Customer GOOD-1112,0.65,False
1113,GOOD-001113,Customer GOOD-1113,0.88,False
1114,GOOD-001114,Customer GOOD-1114,0.25,False
1115,GOOD-001115,Customer GOOD-1115,0.6,False
1116,GOOD-001116,Customer GOOD-1116,0.64,False
1117,GOOD-001117,Customer GOOD-1117,0.52,False
1118,GOOD-001118,Customer GOOD-1118,0.18,False
1119,GOOD-001119,Customer GOOD-1119,0.4,False
1120,GOOD-001120,Customer GOOD-1120,0.38,False
1121,GOOD-001121,Customer GOOD-1121,0.67,False
1122,GOOD-001122,Customer GOOD-1122,0.83,False
1123,GOOD-001123,Customer GOOD-1123,0.38,False
1124,GOOD-001124,Customer GOOD-1124,0.69,False
1125,GOOD-001125,Customer GOOD-1125,0.34,False
1126,GOOD-001126,Customer GOOD-1126,0.9,False
1127,GOOD-001127,Customer GOOD-1127,0.79,False
1128,GOOD-001128,Customer GOOD-1128,0.57,False
1129,GOOD-001129,Customer GOOD-1129,0.49,False
1130,GOOD-001130,Customer GOOD-1130,0.37,False
1131,GOOD-001131,Customer GOOD-1131,0.37,False
1132,GOOD-001132,Customer GOOD-1132,0.92,False
1133,GOOD-001133,Customer GOOD-1133,0.44,False
1134,GOOD-001134,Customer GOOD-1134,0.54,False
1135,GOOD-001135,Customer GOOD-1135,0.94,False
1136,GOOD-001136,Customer GOOD-1136,0.66,False
1137,GOOD-001137,Customer GOOD-1137,0.56,False
1138,GOOD-001138,Customer GOOD-1138,0.45,False
1139,GOOD-001139,Customer GOOD-1139,0.26,False
1140,GOOD-001140,Customer GOOD-1140,0.41,False
1141,GOOD-001141,Customer GOOD-1141,0.74,False
1142,GOOD-001142,Customer GOOD-1142,0.63,False
1143,GOOD-001143,Customer GOOD-1143,0.75,False
1144,GOOD-001144,Customer GOOD-1144,0.27,False
1145,GOOD-001145,Customer GOOD-1145,0.57,False
1146,GOOD-001146,Customer GOOD-1146,0.89,False
1147,GOOD-001147,Customer GOOD-1147,0.47,False
1148,GOOD-001148,Customer GOOD-1148,0.69,False
1149,GOOD-001149,Customer GOOD-1149,0.2,False
1150,GOOD-001150,Customer GOOD-1150,0.93,False
1151,GOOD-001151,Customer GOOD-1151,0.62,False
1152,GOOD-001152,Customer GOOD-1152,0.3,False
1153,GOOD-001153,Customer GOOD-1153,0.23,False
1154,GOOD-001154,Customer GOOD-1154,0.57,False
1155,GOOD-001155,Customer GOOD-1155,0.57,False
1156,GOOD-001156,Customer GOOD-1156,0.18,False
1157,GOOD-001157,Customer GOOD-1157,0.94,False
1158,GOOD-001158,Customer GOOD-1158,0.88,False
1159,GOOD-001159,Customer GOOD-1159,0.49,False
1160,GOOD-001160,Customer GOOD-1160,0.2,False
1161,GOOD-001161,Customer GOOD-1161,0.81,False
1162,GOOD-001162,Customer GOOD-1162,0.52,False
1163,GOOD-001163,Customer GOOD-1163,0.71,False
1164,GOOD-001164,Customer GOOD-1164,0.53,False
1165,GOOD-001165,Customer GOOD-1165,0.33,False
1166,GOOD-001166,Customer GOOD-1166,0.81,False
1167,GOOD-001167,Customer GOOD-1167,0.93,False
1168,GOOD-001168,Customer GOOD-1168,0.31,False
1169,GOOD-001169,Customer GOOD-1169,0.57,False
1170,GOOD-001170,Customer GOOD-1170,0.43,False
1171,GOOD-001171,Customer GOOD-1171,0.88,False
1172,GOOD-001172,Customer GOOD-1172,0.53,False
1173,GOOD-001173,Customer GOOD-1173,0.85,False
1174,GOOD-001174,Customer GOOD-1174,0.83,False
1175,GOOD-001175,Customer GOOD-1175,0.33,False
1176,GOOD-001176,Customer GOOD-1176,0.77,False
1177,GOOD-001177,Customer GOOD-1177,0.45,False
1178,GOOD-001178,Customer GOOD-1178,0.89,False
1179,GOOD-001179,Customer GOOD-1179,0.53,False
1180,GOOD-001180,Customer GOOD-1180,0.8,False
1181,GOOD-001181,Customer GOOD-1181,0.34,False
1182,GOOD-001182,Customer GOOD-1182,0.35,False
1183,GOOD-001183,Customer GOOD-1183,0.6,False
1184,GOOD-001184,Customer GOOD-1184,0.95,False
1185,GOOD-001185,Customer GOOD-1185,0.52,False
1186,GOOD-001186,Customer GOOD-1186,0.23,False
1187,GOOD-001187,Customer GOOD-1187,0.56,False
1188,GOOD-001188,Customer GOOD-1188,0.39,False
1189,GOOD-001189,Customer GOOD-1189,0.57,False
1190,GOOD-001190,Customer GOOD-1190,0.56,False
1191,GOOD-001191,Customer GOOD-1191,0.49,False
1192,GOOD-001192,Customer GOOD-1192,0.37,False
1193,GOOD-001193,Customer GOOD-1193,0.26,False
1194,GOOD-001194,Customer GOOD-1194,0.69,False
1195,GOOD-001195,Customer GOOD-1195,0.59,False
1196,GOOD-001196,Customer GOOD-1196,0.3,False
1197,GOOD-001197,Customer GOOD-1197,0.76,False
1198,GOOD-001198,Customer GOOD-1198,0.14,False
1199,GOOD-001199,Customer GOOD-1199,0.73,False
1200,GOOD-001200,Customer GOOD-1200,0.7,False
1201,GOOD-001201,Customer GOOD-1201,0.79,False
1202,GOOD-001202,Customer GOOD-1202,0.43,False
1203,GOOD-001203,Customer GOOD-1203,0.66,False
1204,GOOD-001204,Customer GOOD-1204,0.8,False
1205,GOOD-001205,Customer GOOD-1205,0.93,False
1206,GOOD-001206,Customer GOOD-1206,0.52,False
1207,GOOD-001207,Customer GOOD-1207,0.13,False
1208,GOOD-001208,Customer GOOD-1208,0.53,False
1209,GOOD-001209,Customer GOOD-1209,0.6,False
1210,GOOD-001210,Customer GOOD-1210,0.84,False
1211,GOOD-001211,Customer GOOD-1211,0.84,False
1212,GOOD-001212,Customer GOOD-1212,0.47,False
1213,GOOD-001213,Customer GOOD-1213,0.55,False
1214,GOOD-001214,Customer GOOD-1214,0.49,False
1215,GOOD-001215,Customer GOOD-1215,0.71,False
1216,GOOD-001216,Customer GOOD-1216,0.45,False
1217,GOOD-001217,Customer GOOD-1217,0.66,False
1218,GOOD-001218,Customer GOOD-1218,0.23,False
1219,GOOD-001219,Customer GOOD-1219,0.5,False
1220,GOOD-001220,Customer GOOD-1220,0.92,False
1221,GOOD-001221,Customer GOOD-1221,0.39,False
1222,GOOD-001222,Customer GOOD-1222,0.69,False
1223,GOOD-001223,Customer GOOD-1223,0.65,False
1224,GOOD-001224,Customer GOOD-1224,0.82,False
1225,GOOD-001225,Customer GOOD-1225,0.82,False
1226,GOOD-001226,Customer GOOD-1226,0.83,False
1227,GOOD-001227,Customer GOOD-1227,0.42,False
1228,GOOD-001228,Customer GOOD-1228,0.37,False
1229,GOOD-001229,Customer GOOD-1229,0.71,False
1230,GOOD-001230,Customer GOOD-1230,0.75,False
1231,GOOD-001231,Customer GOOD-1231,0.84,False
1232,GOOD-001232,Customer GOOD-1232,0.13,False
1233,GOOD-001233,Customer GOOD-1233,0.16,False
1234,GOOD-001234,Customer GOOD-1234,0.64,False
1235,GOOD-001235,Customer GOOD-1235,0.88,False
1236,GOOD-001236,Customer GOOD-1236,0.95,False
1237,GOOD-001237,Customer GOOD-1237,0.73,False
1238,GOOD-001238,Customer GOOD-1238,0.47,False
1239,GOOD-001239,Customer GOOD-1239,0.18,False
1240,GOOD-001240,Customer GOOD-1240,0.64,False
1241,GOOD-001241,Customer GOOD-1241,0.84,False
1242,GOOD-001242,Customer GOOD-1242,0.48,False
1243,GOOD-001243,Customer GOOD-1243,0.69,False
1244,GOOD-001244,Customer GOOD-1244,0.87,False
1245,GOOD-001245,Customer GOOD-1245,0.14,False
1246,GOOD-001246,Customer GOOD-1246,0.78,False
1247,GOOD-001247,Customer GOOD-1247,0.35,False
1248,GOOD-001248,Customer GOOD-1248,0.42,False
1249,GOOD-001249,Customer GOOD-1249,0.22,False
1250,GOOD-001250,Customer GOOD-1250,0.55,False
1251,GOOD-001251,Customer GOOD-1251,0.58,False
1252,GOOD-001252,Customer GOOD-1252,0.77,False
1253,GOOD-001253,Customer GOOD-1253,0.24,False
1254,GOOD-001254,Customer GOOD-1254,0.17,False
1255,GOOD-001255,Customer GOOD-1255,0.84,False
1256,GOOD-001256,Customer GOOD-1256,0.63,False
1257,GOOD-001257,Customer GOOD-1257,0.3,False
1258,GOOD-001258,Customer GOOD-1258,0.88,False
1259,GOOD-001259,Customer GOOD-1259,0.22,False
1260,GOOD-001260,Customer GOOD-1260,0.49,False
1261,GOOD-001261,Customer GOOD-1261,0.32,False
1262,GOOD-001262,Customer GOOD-1262,0.32,False
1263,GOOD-001263,Customer GOOD-1263,0.11,False
1264,GOOD-001264,Customer GOOD-1264,0.78,False
1265,GOOD-001265,Customer GOOD-1265,0.87,False
1266,GOOD-001266,Customer GOOD-1266,0.68,False
1267,GOOD-001267,Customer GOOD-1267,0.23,False
1268,GOOD-001268,Customer GOOD-1268,0.48,False
1269,GOOD-001269,Customer GOOD-1269,0.39,False
1270,GOOD-001270,Customer GOOD-1270,0.6,False
1271,GOOD-001271,Customer GOOD-1271,0.64,False
1272,GOOD-001272,Customer GOOD-1272,0.46,False
1273,GOOD-001273,Customer GOOD-1273,0.31,False
1274,GOOD-001274,Customer GOOD-1274,0.82,False
1275,GOOD-001275,Customer GOOD-1275,0.27,False
1276,GOOD-001276,Customer GOOD-1276,0.43,False
1277,GOOD-001277,Customer GOOD-1277,0.51,False
1278,GOOD-001278,Customer GOOD-1278,0.3,False
1279,GOOD-001279,Customer GOOD-1279,0.59,False
1280,GOOD-001280,Customer GOOD-1280,0.59,False
1281,GOOD-001281,Customer GOOD-1281,0.94,False
1282,GOOD-001282,Customer GOOD-1282,0.35,False
1283,GOOD-001283,Customer GOOD-1283,0.93,False
1284,GOOD-001284,Customer GOOD-1284,0.66,False
1285,GOOD-001285,Customer GOOD-1285,0.33,False
1286,GOOD-001286,Customer GOOD-1286,0.58,False
1287,GOOD-001287,Customer GOOD-1287,0.68,False
1288,GOOD-001288,Customer GOOD-1288,0.73,False
1289,GOOD-001289,Customer GOOD-1289,0.14,False
1290,GOOD-001290,Customer GOOD-1290,0.62,False
1291,GOOD-001291,Customer GOOD-1291,0.52,False
1292,GOOD-001292,Customer GOOD-1292,0.87,False
1293,GOOD-001293,Customer GOOD-1293,0.34,False
1294,GOOD-001294,Customer GOOD-1294,0.78,False
1295,GOOD-001295,Customer GOOD-1295,0.62,False
1296,GOOD-001296,Customer GOOD-1296,0.4,False
1297,GOOD-001297,Customer GOOD-1297,0.64,False
1298,GOOD-001298,Customer GOOD-1298,0.63,False
1299,GOOD-001299,Customer GOOD-1299,0.68,False
1300,GOOD-001300,Customer GOOD-1300,0.71,False
1301,GOOD-001301,Customer GOOD-1301,0.66,False
1302,GOOD-001302,Customer GOOD-1302,0.81,False
1303,GOOD-001303,Customer GOOD-1303,0.63,False
1304,GOOD-001304,Customer GOOD-1304,0.87,False
1305,GOOD-001305,Customer GOOD-1305,0.65,False
1306,GOOD-001306,Customer GOOD-1306,0.36,False
1307,GOOD-001307,Customer GOOD-1307,0.47,False
1308,GOOD-001308,Customer GOOD-1308,0.59,False
1309,GOOD-001309,Customer GOOD-1309,0.72,False
1310,GOOD-001310,Customer GOOD-1310,0.18,False
1311,GOOD-001311,Customer GOOD-1311,0.35,False
1312,GOOD-001312,Customer GOOD-1312,0.74,False
1313,GOOD-001313,Customer GOOD-1313,0.25,False
1314,GOOD-001314,Customer GOOD-1314,0.21,False
1315,GOOD-001315,Customer GOOD-1315,0.56,False
1316,GOOD-001316,Customer GOOD-1316,0.93,False
1317,GOOD-001317,Customer GOOD-1317,0.55,False
1318,GOOD-001318,Customer GOOD-1318,0.88,False
1319,GOOD-001319,Customer GOOD-1319,0.81,False
1320,GOOD-001320,Customer GOOD-1320,0.32,False
1321,GOOD-001321,Customer GOOD-1321,0.8,False
1322,GOOD-001322,Customer GOOD-1322,0.51,False
1323,GOOD-001323,Customer GOOD-1323,0.79,False
1324,GOOD-001324,Customer GOOD-1324,0.73,False
1325,GOOD-001325,Customer GOOD-1325,0.39,False
1326,GOOD-001326,Customer GOOD-1326,0.2,False
1327,GOOD-001327,Customer GOOD-1327,0.92,False
1328,GOOD-001328,Customer GOOD-1328,0.22,False
1329,GOOD-001329,Customer GOOD-1329,0.92,False
1330,GOOD-001330,Customer GOOD-1330,0.83,False
1331,GOOD-001331,Customer GOOD-1331,0.72,False
1332,GOOD-001332,Customer GOOD-1332,0.93,False
1333,GOOD-001333,Customer GOOD-1333,0.92,False
1334,GOOD-001334,Customer GOOD-1334,0.78,False
1335,GOOD-001335,Customer GOOD-1335,0.41,False
1336,GOOD-001336,Customer GOOD-1336,0.77,False
1337,GOOD-001337,Customer GOOD-1337,0.11,False
1338,GOOD-001338,Customer GOOD-1338,0.56,False
1339,GOOD-001339,Customer GOOD-1339,0.49,False
1340,GOOD-001340,Customer GOOD-1340,0.67,False
1341,GOOD-001341,Customer GOOD-1341,0.67,False
1342,GOOD-001342,Customer GOOD-1342,0.6,False
1343,GOOD-001343,Customer GOOD-1343,0.8,False
1344,GOOD-001344,Customer GOOD-1344,0.9,False
1345,GOOD-001345,Customer GOOD-1345,0.19,False
1346,GOOD-001346,Customer GOOD-1346,0.3,False
1347,GOOD-001347,Customer GOOD-1347,0.12,False
1348,GOOD-001348,Customer GOOD-1348,0.85,False
1349,GOOD-001349,Customer GOOD-1349,0.58,False
1350,GOOD-001350,Customer GOOD-1350,0.88,False
1351,GOOD-001351,Customer GOOD-1351,0.29,False
1352,GOOD-001352,Customer GOOD-1352,0.15,False
1353,GOOD-001353,Customer GOOD-1353,0.8,False
1354,GOOD-001354,Customer GOOD-1354,0.87,False
1355,GOOD-001355,Customer GOOD-1355,0.36,False
1356,GOOD-001356,Customer GOOD-1356,0.45,False
1357,GOOD-001357,Customer GOOD-1357,0.22,False
1358,GOOD-001358,Customer GOOD-1358,0.9,False
1359,GOOD-001359,Customer GOOD-1359,0.36,False
1360,GOOD-001360,Customer GOOD-1360,0.52,False
1361,GOOD-001361,Customer GOOD-1361,0.18,False
1362,GOOD-001362,Customer GOOD-1362,0.85,False
1363,GOOD-001363,Customer GOOD-1363,0.22,False
1364,GOOD-001364,Customer GOOD-1364,0.49,False
1365,GOOD-001365,Customer GOOD-1365,0.67,False
1366,GOOD-001366,Customer GOOD-1366,0.73,False
1367,GOOD-001367,Customer GOOD-1367,0.9,False
1368,GOOD-001368,Customer GOOD-1368,0.46,False
1369,GOOD-001369,Customer GOOD-1369,0.73,False
1370,GOOD-001370,Customer GOOD-1370,0.23,False
1371,GOOD-001371,Customer GOOD-1371,0.45,False
1372,GOOD-001372,Customer GOOD-1372,0.18,False
1373,GOOD-001373,Customer GOOD-1373,0.52,False
1374,GOOD-001374,Customer GOOD-1374,0.45,False
1375,GOOD-001375,Customer GOOD-1375,0.91,False
1376,GOOD-001376,Customer GOOD-1376,0.13,False
1377,GOOD-001377,Customer GOOD-1377,0.41,False
1378,GOOD-001378,Customer GOOD-1378,0.48,False
1379,GOOD-001379,Customer GOOD-1379,0.91,False
1380,GOOD-001380,Customer GOOD-1380,0.83,False
1381,GOOD-001381,Customer GOOD-1381,0.18,False
1382,GOOD-001382,Customer GOOD-1382,0.68,False
1383,GOOD-001383,Customer GOOD-1383,0.56,False
1384,GOOD-001384,Customer GOOD-1384,0.93,False
1385,GOOD-001385,Customer GOOD-1385,0.4,False
1386,GOOD-001386,Customer GOOD-1386,0.44,False
1387,GOOD-001387,Customer GOOD-1387,0.26,False
1388,GOOD-001388,Customer GOOD-1388,0.2,False
1389,GOOD-001389,Customer GOOD-1389,0.82,False
1390,GOOD-001390,Customer GOOD-1390,0.49,False
1391,GOOD-001391,Customer GOOD-1391,0.66,False
1392,GOOD-001392,Customer GOOD-1392,0.65,False
1393,GOOD-001393,Customer GOOD-1393,0.61,False
1394,GOOD-001394,Customer GOOD-1394,0.12,False
1395,GOOD-001395,Customer GOOD-1395,0.77,False
1396,GOOD-001396,Customer GOOD-1396,0.31,False
1397,GOOD-001397,Customer GOOD-1397,0.21,False
1398,GOOD-001398,Customer GOOD-1398,0.58,False
1399,GOOD-001399,Customer GOOD-1399,0.16,False
1400,GOOD-001400,Customer GOOD-1400,0.75,False
1401,GOOD-001401,Customer GOOD-1401,0.28,False
1402,GOOD-001402,Customer GOOD-1402,0.28,False
1403,GOOD-001403,Customer GOOD-1403,0.84,False
1404,GOOD-001404,Customer GOOD-1404,0.38,False
1405,GOOD-001405,Customer GOOD-1405,0.23,False
1406,GOOD-001406,Customer GOOD-1406,0.87,False
1407,GOOD-001407,Customer GOOD-1407,0.1,False
1408,GOOD-001408,Customer GOOD-1408,0.83,False
1409,GOOD-001409,Customer GOOD-1409,0.22,False
1410,GOOD-001410,Customer GOOD-1410,0.21,False
1411,GOOD-001411,Customer GOOD-1411,0.31,False
1412,GOOD-001412,Customer GOOD-1412,0.25,False
1413,GOOD-001413,Customer GOOD-1413,0.66,False
1414,GOOD-001414,Customer GOOD-1414,0.12,False
1415,GOOD-001415,Customer GOOD-1415,0.11,False
1416,GOOD-001416,Customer GOOD-1416,0.77,False
1417,GOOD-001417,Customer GOOD-1417,0.3,False
1418,GOOD-001418,Customer GOOD-1418,0.38,False
1419,GOOD-001419,Customer GOOD-1419,0.25,False
1420,GOOD-001420,Customer GOOD-1420,0.14,False
1421,GOOD-001421,Customer GOOD-1421,0.73,False
1422,GOOD-001422,Customer GOOD-1422,0.55,False
1423,GOOD-001423,Customer GOOD-1423,0.73,False
1424,GOOD-001424,Customer GOOD-1424,0.5,False
1425,GOOD-001425,Customer GOOD-1425,0.76,False
1426,GOOD-001426,Customer GOOD-1426,0.54,False
1427,GOOD-001427,Customer GOOD-1427,0.19,False
1428,GOOD-001428,Customer GOOD-1428,0.53,False
1429,GOOD-001429,Customer GOOD-1429,0.9,False
1430,GOOD-001430,Customer GOOD-1430,0.14,False
1431,GOOD-001431,Customer GOOD-1431,0.77,False
1432,GOOD-001432,Customer GOOD-1432,0.84,False
1433,GOOD-001433,Customer GOOD-1433,0.54,False
1434,GOOD-001434,Customer GOOD-1434,0.49,False
1435,GOOD-001435,Customer GOOD-1435,0.92,False
1436,GOOD-001436,Customer GOOD-1436,0.15,False
1437,GOOD-001437,Customer GOOD-1437,0.51,False
1438,GOOD-001438,Customer GOOD-1438,0.44,False
1439,GOOD-001439,Customer GOOD-1439,0.68,False
1440,GOOD-001440,Customer GOOD-1440,0.52,False
1441,GOOD-001441,Customer GOOD-1441,0.87,False
1442,GOOD-001442,Customer GOOD-1442,0.16,False
1443,GOOD-001443,Customer GOOD-1443,0.17,False
1444,GOOD-001444,Customer GOOD-1444,0.62,False
1445,GOOD-001445,Customer GOOD-1445,0.16,False
1446,GOOD-001446,Customer GOOD-1446,0.33,False
1447,GOOD-001447,Customer GOOD-1447,0.64,False
1448,GOOD-001448,Customer GOOD-1448,0.57,False
1449,GOOD-001449,Customer GOOD-1449,0.38,False
1450,GOOD-001450,Customer GOOD-1450,0.95,False
1451,GOOD-001451,Customer GOOD-1451,0.55,False
1452,GOOD-001452,Customer GOOD-1452,0.49,False
1453,GOOD-001453,Customer GOOD-1453,0.61,False
1454,GOOD-001454,Customer GOOD-1454,0.18,False
1455,GOOD-001455,Customer GOOD-1455,0.7,False
1456,GOOD-001456,Customer GOOD-1456,0.82,False
1457,GOOD-001457,Customer GOOD-1457,0.65,False
1458,GOOD-001458,Customer GOOD-1458,0.75,False
1459,GOOD-001459,Customer GOOD-1459,0.71,False
1460,GOOD-001460,Customer GOOD-1460,0.28,False
1461,GOOD-001461,Customer GOOD-1461,0.48,False
1462,GOOD-001462,Customer GOOD-1462,0.29,False
1463,GOOD-001463,Customer GOOD-1463,0.39,False
1464,GOOD-001464,Customer GOOD-1464,0.49,False
1465,GOOD-001465,Customer GOOD-1465,0.45,False
1466,GOOD-001466,Customer GOOD-1466,0.18,False
1467,GOOD-001467,Customer GOOD-1467,0.46,False
1468,GOOD-001468,Customer GOOD-1468,0.67,False
1469,GOOD-001469,Customer GOOD-1469,0.42,False
1470,GOOD-001470,Customer GOOD-1470,0.23,False
1471,GOOD-001471,Customer GOOD-1471,0.88,False
1472,GOOD-001472,Customer GOOD-1472,0.16,False
1473,GOOD-001473,Customer GOOD-1473,0.81,False
1474,GOOD-001474,Customer GOOD-1474,0.18,False
1475,GOOD-001475,Customer GOOD-1475,0.18,False
1476,GOOD-001476,Customer GOOD-1476,0.73,False
1477,GOOD-001477,Customer GOOD-1477,0.79,False
1478,GOOD-001478,Customer GOOD-1478,0.57,False
1479,GOOD-001479,Customer GOOD-1479,0.6,False
1480,GOOD-001480,Customer GOOD-1480,0.58,False
1481,GOOD-001481,Customer GOOD-1481,0.38,False
1482,GOOD-001482,Customer GOOD-1482,0.2,False
1483,GOOD-001483,Customer GOOD-1483,0.4,False
1484,GOOD-001484,Customer GOOD-1484,0.67,False
1485,GOOD-001485,Customer GOOD-1485,0.74,False
1486,GOOD-001486,Customer GOOD-1486,0.84,False
1487,GOOD-001487,Customer GOOD-1487,0.71,False
1488,GOOD-001488,Customer GOOD-1488,0.92,False
1489,GOOD-001489,Customer GOOD-1489,0.61,False
1490,GOOD-001490,Customer GOOD-1490,0.4,False
1491,GOOD-001491,Customer GOOD-1491,0.59,False
1492,GOOD-001492,Customer GOOD-1492,0.28,False
1493,GOOD-001493,Customer GOOD-1493,0.66,False
1494,GOOD-001494,Customer GOOD-1494,0.29,False
1495,GOOD-001495,Customer GOOD-1495,0.19,False
1496,GOOD-001496,Customer GOOD-1496,0.82,False
1497,GOOD-001497,Customer GOOD-1497,0.41,False
1498,GOOD-001498,Customer GOOD-1498,0.75,False
1499,GOOD-001499,Customer GOOD-1499,0.59,False
1500,GOOD-001500,Customer GOOD-1500,0.79,False
